"Open","High","Low","Close","Volume","Time"
72.05,72.2,72,72.16,233,2024-01-09 13:00:00
72.13,72.38,72.05,72.35,362,2024-01-09 13:15:00
72.38,72.41,72.12,72.17,142,2024-01-09 13:30:00
72.18,72.5,72.18,72.44,344,2024-01-09 13:45:00
72.5,72.85,72.5,72.72,859,2024-01-09 14:00:00
72.67,72.67,72.31,72.41,309,2024-01-09 14:15:00
72.4,72.4,72.12,72.27,247,2024-01-09 14:30:00
72.26,72.35,71.8,71.81,535,2024-01-09 14:45:00
71.83,71.9,71.67,71.9,656,2024-01-09 15:00:00
71.88,71.91,71.77,71.85,384,2024-01-09 15:15:00
71.8,71.97,71.77,71.95,574,2024-01-09 15:30:00
71.95,72.09,71.77,71.77,966,2024-01-09 15:45:00
71.78,71.92,71.77,71.77,274,2024-01-09 16:00:00
71.77,72.1,71.6,72,764,2024-01-09 16:15:00
71.98,72.08,71.77,72,496,2024-01-09 16:30:00
72,72.4,71.96,72.28,559,2024-01-09 16:45:00
72.27,72.27,71.9,71.91,292,2024-01-09 17:00:00
71.95,72.05,71.83,71.9,718,2024-01-09 17:15:00
71.89,72.33,71.89,72.24,527,2024-01-09 17:30:00
72.24,72.29,71.97,72,356,2024-01-09 17:45:00
72,72.13,71.96,72.06,218,2024-01-09 18:00:00
71.82,72.46,71.82,72.44,198,2024-01-10 08:15:00
72.48,72.65,72.33,72.42,265,2024-01-10 08:30:00
72.42,72.5,72.25,72.5,326,2024-01-10 08:45:00
72.48,72.8,72.45,72.45,306,2024-01-10 09:00:00
72.53,72.53,72.27,72.43,482,2024-01-10 09:15:00
72.42,72.42,71.93,71.93,266,2024-01-10 09:30:00
71.93,72.1,71.83,71.99,350,2024-01-10 09:45:00
71.95,71.98,70.95,71.19,1214,2024-01-10 10:00:00
71.15,71.21,70.45,70.9,1542,2024-01-10 10:15:00
70.89,70.91,70.55,70.7,904,2024-01-10 10:30:00
70.7,70.75,70.37,70.56,572,2024-01-10 10:45:00
70.55,70.62,70.37,70.58,1051,2024-01-10 11:00:00
70.62,70.68,70.5,70.6,336,2024-01-10 11:15:00
70.59,70.88,70.54,70.76,253,2024-01-10 11:30:00
70.79,70.88,70.67,70.82,442,2024-01-10 11:45:00
70.81,70.87,70.73,70.87,463,2024-01-10 12:00:00
70.87,70.93,70.73,70.75,358,2024-01-10 12:15:00
70.77,70.84,70.73,70.8,257,2024-01-10 12:30:00
70.8,70.81,70.73,70.75,310,2024-01-10 12:45:00
70.75,70.79,70.73,70.75,352,2024-01-10 13:00:00
70.74,70.81,70.73,70.78,226,2024-01-10 13:15:00
70.77,70.78,70.56,70.64,300,2024-01-10 13:30:00
70.6,70.64,70.53,70.58,321,2024-01-10 13:45:00
70.58,70.65,70.25,70.26,739,2024-01-10 14:00:00
70.25,70.44,70.18,70.25,711,2024-01-10 14:15:00
70.22,70.22,69.74,69.79,1651,2024-01-10 14:30:00
69.75,69.9,69.43,69.45,620,2024-01-10 14:45:00
69.45,69.84,69.25,69.76,1001,2024-01-10 15:00:00
69.76,70.05,69.7,69.76,591,2024-01-10 15:15:00
69.74,69.75,69.52,69.62,476,2024-01-10 15:30:00
69.62,69.87,69.55,69.85,597,2024-01-10 15:45:00
69.85,70.37,69.82,70.07,569,2024-01-10 16:00:00
70.1,70.13,69.9,69.97,402,2024-01-10 16:15:00
69.94,70,69.8,69.93,178,2024-01-10 16:30:00
69.9,69.92,69.68,69.68,331,2024-01-10 16:45:00
69.69,69.78,69.58,69.67,261,2024-01-10 17:00:00
69.67,70.14,69.67,70.14,1011,2024-01-10 17:15:00
70.09,70.11,69.74,69.8,492,2024-01-10 17:30:00
69.77,70,69.76,69.91,391,2024-01-10 17:45:00
69.91,70.07,69.85,70.01,262,2024-01-10 18:00:00
70.08,70.31,69.76,70.17,270,2024-01-11 08:15:00
70.21,70.28,69.49,69.61,368,2024-01-11 08:30:00
69.62,69.62,69.26,69.29,402,2024-01-11 08:45:00
69.34,69.49,69.14,69.38,395,2024-01-11 09:00:00
69.37,69.49,68.62,68.88,1227,2024-01-11 09:15:00
68.95,69.3,68.73,69.28,1117,2024-01-11 09:30:00
69.26,69.36,69.14,69.19,355,2024-01-11 09:45:00
69.18,69.6,69.14,69.55,403,2024-01-11 10:00:00
69.54,69.6,69.05,69.25,581,2024-01-11 10:15:00
69.27,69.45,69.25,69.3,401,2024-01-11 10:30:00
69.3,69.33,69.14,69.32,478,2024-01-11 10:45:00
69.34,69.6,69.34,69.6,402,2024-01-11 11:00:00
69.58,69.67,69.5,69.58,294,2024-01-11 11:15:00
69.58,69.69,69.44,69.67,308,2024-01-11 11:30:00
69.64,69.76,69.53,69.61,299,2024-01-11 11:45:00
69.59,69.6,69.4,69.43,577,2024-01-11 12:00:00
69.46,69.5,69.42,69.45,330,2024-01-11 12:15:00
69.42,69.43,69.2,69.29,594,2024-01-11 12:30:00
69.28,69.35,68.98,69,667,2024-01-11 12:45:00
69.01,69.05,68.54,68.55,1404,2024-01-11 13:00:00
68.52,68.52,67.76,68.15,1767,2024-01-11 13:15:00
68.14,68.27,67.87,68.08,602,2024-01-11 13:30:00
68.09,68.22,67.86,68.1,332,2024-01-11 13:45:00
68.07,68.09,67.86,67.98,532,2024-01-11 14:00:00
67.93,68.34,67.93,68.2,819,2024-01-11 14:15:00
68.2,68.27,68.02,68.12,433,2024-01-11 14:30:00
68.14,68.32,68.07,68.26,201,2024-01-11 14:45:00
68.25,68.5,68.2,68.45,422,2024-01-11 15:00:00
68.45,68.5,68.22,68.22,430,2024-01-11 15:15:00
68.22,68.32,67.91,68.21,576,2024-01-11 15:30:00
68.18,68.35,67.9,67.94,465,2024-01-11 15:45:00
67.95,68.11,67.18,67.39,1462,2024-01-11 16:00:00
67.42,67.48,66.98,67.32,1120,2024-01-11 16:15:00
67.28,67.47,67.28,67.34,708,2024-01-11 16:30:00
67.35,67.39,67.17,67.2,437,2024-01-11 16:45:00
67.18,67.82,67.16,67.75,681,2024-01-11 17:00:00
67.71,68.02,67.67,67.95,738,2024-01-11 17:15:00
67.95,67.97,67.69,67.88,545,2024-01-11 17:30:00
67.84,68.04,67.84,67.9,261,2024-01-11 17:45:00
67.96,68.06,67.9,67.9,326,2024-01-11 18:00:00
68.05,69.45,68.05,69.05,586,2024-01-12 08:15:00
69.06,69.06,68.22,68.26,377,2024-01-12 08:30:00
68.3,68.44,68.04,68.05,459,2024-01-12 08:45:00
68.05,68.13,67.8,68.07,328,2024-01-12 09:00:00
68.07,68.25,67.78,67.84,371,2024-01-12 09:15:00
67.79,67.95,67.49,67.7,579,2024-01-12 09:30:00
67.7,68.14,67.62,68.02,469,2024-01-12 09:45:00
68.03,68.25,67.83,68.17,395,2024-01-12 10:00:00
68.15,68.18,67.69,67.98,352,2024-01-12 10:15:00
67.91,68.27,67.83,68.14,321,2024-01-12 10:30:00
68.16,68.35,67.98,68.27,462,2024-01-12 10:45:00
68.28,68.36,68.22,68.26,301,2024-01-12 11:00:00
68.26,68.26,67.93,68.11,699,2024-01-12 11:15:00
68.14,68.21,68.03,68.15,554,2024-01-12 11:30:00
68.16,68.29,68.08,68.26,456,2024-01-12 11:45:00
68.25,68.3,68.18,68.3,350,2024-01-12 12:00:00
68.27,68.3,68.15,68.29,263,2024-01-12 12:15:00
68.24,68.44,68.15,68.26,380,2024-01-12 12:30:00
68.29,68.3,68.09,68.19,552,2024-01-12 12:45:00
68.19,68.2,68.07,68.1,421,2024-01-12 13:00:00
68.1,68.1,67.8,67.8,410,2024-01-12 13:15:00
67.8,67.92,67.44,67.63,895,2024-01-12 13:30:00
67.61,67.67,67.34,67.46,462,2024-01-12 13:45:00
67.42,67.47,66.71,66.92,1459,2024-01-12 14:00:00
66.86,66.95,66.71,66.9,706,2024-01-12 14:15:00
66.82,66.94,66.07,66.19,915,2024-01-12 14:30:00
66.25,66.5,66.19,66.3,721,2024-01-12 14:45:00
66.3,66.45,66.12,66.32,824,2024-01-12 15:00:00
66.31,66.31,65.3,65.84,2125,2024-01-12 15:15:00
65.8,65.99,65.53,65.68,897,2024-01-12 15:30:00
65.66,65.66,65.24,65.59,1241,2024-01-12 15:45:00
65.57,65.6,64.73,64.81,1217,2024-01-12 16:00:00
64.86,65.25,64.8,65.16,644,2024-01-12 16:15:00
65.16,65.62,65.12,65.54,544,2024-01-12 16:30:00
65.52,65.67,65.32,65.51,582,2024-01-12 16:45:00
65.45,66,65.45,65.79,685,2024-01-12 17:00:00
65.8,66.05,65.63,65.63,755,2024-01-12 17:15:00
65.66,65.86,65.6,65.6,364,2024-01-12 17:30:00
65.7,65.79,65.64,65.66,156,2024-01-12 17:45:00
65.65,65.87,65.64,65.81,303,2024-01-12 18:00:00
66,66.03,64.75,64.75,570,2024-01-15 08:15:00
64.79,65.18,64.69,65.11,510,2024-01-15 08:30:00
65.18,65.25,64.81,64.88,316,2024-01-15 08:45:00
64.88,64.96,64.61,64.65,455,2024-01-15 09:00:00
64.69,65.15,64.69,65.11,565,2024-01-15 09:15:00
65.14,65.49,65.14,65.28,437,2024-01-15 09:30:00
65.27,65.27,64.92,65.12,622,2024-01-15 09:45:00
65.15,65.33,65.1,65.12,294,2024-01-15 10:00:00
65.12,65.17,64.71,65.02,693,2024-01-15 10:15:00
65.05,65.29,65.03,65.18,347,2024-01-15 10:30:00
65.17,65.31,65.1,65.28,391,2024-01-15 10:45:00
65.48,65.95,65.48,65.85,723,2024-01-15 11:00:00
65.89,65.92,65.31,65.41,816,2024-01-15 11:15:00
65.36,65.8,65.35,65.74,497,2024-01-15 11:30:00
65.75,65.77,65.5,65.63,296,2024-01-15 11:45:00
65.64,65.64,65.53,65.58,163,2024-01-15 12:00:00
65.61,65.77,65.6,65.68,115,2024-01-15 12:15:00
65.7,65.78,65.55,65.74,194,2024-01-15 12:30:00
65.7,65.77,65.54,65.6,272,2024-01-15 12:45:00
65.59,65.85,65.57,65.77,168,2024-01-15 13:00:00
65.75,65.8,65.55,65.8,242,2024-01-15 13:15:00
65.78,65.89,65.69,65.79,328,2024-01-15 13:30:00
65.82,65.82,65.07,65.2,840,2024-01-15 13:45:00
65.13,65.2,64.72,65.13,952,2024-01-15 14:00:00
65.15,65.69,65.1,65.45,613,2024-01-15 14:15:00
65.44,65.51,65.26,65.3,351,2024-01-15 14:30:00
65.27,65.51,65.2,65.43,345,2024-01-15 14:45:00
65.45,65.68,65.39,65.57,418,2024-01-15 15:00:00
65.61,65.62,65.44,65.49,221,2024-01-15 15:15:00
65.5,65.85,65.49,65.57,311,2024-01-15 15:30:00
65.58,65.8,65.56,65.65,332,2024-01-15 15:45:00
65.64,66.75,65.64,66.35,1565,2024-01-15 16:00:00
66.4,66.5,66.14,66.19,416,2024-01-15 16:15:00
66.23,66.5,66.15,66.39,512,2024-01-15 16:30:00
66.35,66.64,66.25,66.6,907,2024-01-15 16:45:00
66.62,67.52,66.58,67.1,1581,2024-01-15 17:00:00
67.08,67.37,66.94,67.28,1146,2024-01-15 17:15:00
67.26,67.3,66.87,67.06,857,2024-01-15 17:30:00
67,67.11,66.95,67.04,342,2024-01-15 17:45:00
67.03,67.07,66.85,66.9,225,2024-01-15 18:00:00
66.98,67.4,66.97,67.01,334,2024-01-16 08:15:00
67.04,67.4,67,67.06,219,2024-01-16 08:30:00
67.1,67.1,66.59,66.73,427,2024-01-16 08:45:00
66.71,66.75,65.9,66.22,698,2024-01-16 09:00:00
66.21,66.3,66.03,66.13,499,2024-01-16 09:15:00
66.12,66.28,66.07,66.07,373,2024-01-16 09:30:00
66.07,66.42,66.02,66.06,626,2024-01-16 09:45:00
66.07,66.11,65.6,65.79,799,2024-01-16 10:00:00
65.76,65.84,65.35,65.47,645,2024-01-16 10:15:00
65.48,65.74,65.37,65.68,647,2024-01-16 10:30:00
65.66,65.66,65.22,65.3,612,2024-01-16 10:45:00
65.3,65.6,65.3,65.4,516,2024-01-16 11:00:00
65.41,65.74,65.41,65.47,598,2024-01-16 11:15:00
65.49,65.65,65.1,65.36,757,2024-01-16 11:30:00
65.3,65.44,65.22,65.39,501,2024-01-16 11:45:00
65.38,65.65,65.37,65.47,562,2024-01-16 12:00:00
65.45,65.52,65.02,65.48,1284,2024-01-16 12:15:00
65.47,65.83,65.45,65.74,295,2024-01-16 12:30:00
65.7,66,65.67,65.9,413,2024-01-16 12:45:00
65.85,66.3,65.69,66.23,320,2024-01-16 13:00:00
66.19,66.22,65.86,66.09,188,2024-01-16 13:15:00
66.08,66.16,65.9,66.02,209,2024-01-16 13:30:00
66.06,66.21,65.9,65.95,420,2024-01-16 13:45:00
65.91,66.3,65.85,66.28,533,2024-01-16 14:00:00
66.28,66.77,66.28,66.65,708,2024-01-16 14:15:00
66.67,66.69,66.45,66.54,543,2024-01-16 14:30:00
66.55,66.68,66.45,66.51,357,2024-01-16 14:45:00
66.47,66.84,66.34,66.71,573,2024-01-16 15:00:00
66.71,67.14,66.17,66.29,995,2024-01-16 15:15:00
66.32,66.56,65.64,65.87,846,2024-01-16 15:30:00
65.82,66.06,65.68,65.96,606,2024-01-16 15:45:00
65.94,66.06,65.79,66,272,2024-01-16 16:00:00
66.01,66.04,65.72,65.76,290,2024-01-16 16:15:00
65.76,65.81,65.54,65.68,515,2024-01-16 16:30:00
65.68,65.77,65.54,65.69,332,2024-01-16 16:45:00
65.67,65.67,65.37,65.37,888,2024-01-16 17:00:00
65.4,65.7,65.37,65.65,966,2024-01-16 17:15:00
65.64,65.7,65.43,65.44,424,2024-01-16 17:30:00
65.46,65.63,65.37,65.4,302,2024-01-16 17:45:00
65.42,65.55,65.37,65.49,383,2024-01-16 18:00:00
65.39,65.45,64.89,65.11,459,2024-01-17 08:15:00
65.13,65.51,65.12,65.35,231,2024-01-17 08:30:00
65.35,65.7,65.22,65.7,271,2024-01-17 08:45:00
65.7,66.12,65.6,65.9,495,2024-01-17 09:00:00
65.86,65.88,65.25,65.3,403,2024-01-17 09:15:00
65.32,65.48,65.15,65.4,403,2024-01-17 09:30:00
65.38,65.39,64.53,64.68,1189,2024-01-17 09:45:00
64.68,65.25,64.53,65.12,692,2024-01-17 10:00:00
65.14,65.29,64.95,65.14,705,2024-01-17 10:15:00
65.15,65.61,65.11,65.57,798,2024-01-17 10:30:00
65.54,65.63,65.37,65.48,499,2024-01-17 10:45:00
65.46,65.46,65.16,65.3,476,2024-01-17 11:00:00
65.24,65.65,65.2,65.6,576,2024-01-17 11:15:00
65.6,65.76,65.3,65.3,604,2024-01-17 11:30:00
65.3,65.41,64.82,64.96,952,2024-01-17 11:45:00
64.93,65.32,64.77,65.17,848,2024-01-17 12:00:00
65.13,65.25,65.04,65.21,309,2024-01-17 12:15:00
65.22,65.3,65.1,65.27,182,2024-01-17 12:30:00
65.28,65.35,65.12,65.12,213,2024-01-17 12:45:00
65.13,65.35,65.1,65.22,122,2024-01-17 13:00:00
65.2,65.25,64.86,64.9,307,2024-01-17 13:15:00
64.91,64.96,64.71,64.9,506,2024-01-17 13:30:00
64.9,64.91,64.36,64.42,1427,2024-01-17 13:45:00
64.42,64.55,63.9,64.06,1456,2024-01-17 14:00:00
64.06,64.26,63.9,64.2,1220,2024-01-17 14:15:00
64.13,64.35,64.04,64.3,375,2024-01-17 14:30:00
64.3,64.32,63.91,63.92,283,2024-01-17 14:45:00
63.91,63.94,63.55,63.78,1084,2024-01-17 15:00:00
63.82,63.93,63.55,63.65,501,2024-01-17 15:15:00
63.65,63.67,63.14,63.37,1191,2024-01-17 15:30:00
63.37,63.59,63.31,63.56,493,2024-01-17 15:45:00
63.59,63.76,63.3,63.31,770,2024-01-17 16:00:00
63.31,63.6,63.2,63.2,602,2024-01-17 16:15:00
63.21,63.37,63.11,63.15,761,2024-01-17 16:30:00
63.12,63.3,63.11,63.13,493,2024-01-17 16:45:00
63.12,63.18,62.86,62.9,1116,2024-01-17 17:00:00
62.94,63.26,62.94,63.16,691,2024-01-17 17:15:00
63.14,63.46,63.11,63.22,326,2024-01-17 17:30:00
63.26,63.62,63.23,63.55,500,2024-01-17 17:45:00
63.54,63.62,63.31,63.31,384,2024-01-17 18:00:00
63.11,63.74,63.09,63.59,246,2024-01-18 08:15:00
63.66,63.88,63.57,63.62,281,2024-01-18 08:30:00
63.66,63.88,63.57,63.77,187,2024-01-18 08:45:00
63.73,63.75,63.38,63.6,188,2024-01-18 09:00:00
63.59,63.88,63.12,63.74,606,2024-01-18 09:15:00
63.74,63.86,63.35,63.8,328,2024-01-18 09:30:00
63.81,64.13,63.69,63.71,680,2024-01-18 09:45:00
63.71,63.74,63.47,63.73,304,2024-01-18 10:00:00
63.69,63.97,63.6,63.86,353,2024-01-18 10:15:00
63.79,63.97,63.56,63.58,457,2024-01-18 10:30:00
63.57,63.64,63.21,63.44,566,2024-01-18 10:45:00
63.44,63.73,63.42,63.66,542,2024-01-18 11:00:00
63.66,63.87,63.09,63.28,1045,2024-01-18 11:15:00
63.22,63.24,62.46,62.96,1220,2024-01-18 11:30:00
62.96,63.11,62.93,63.04,340,2024-01-18 11:45:00
63.06,63.22,62.97,63.2,236,2024-01-18 12:00:00
63.15,63.22,63.01,63.15,316,2024-01-18 12:15:00
63.12,63.48,63.12,63.42,443,2024-01-18 12:30:00
63.45,63.47,63.19,63.27,133,2024-01-18 12:45:00
63.26,63.75,63.26,63.33,310,2024-01-18 13:00:00
63.35,63.55,63.28,63.43,159,2024-01-18 13:15:00
63.38,63.46,62.98,63.41,402,2024-01-18 13:30:00
63.34,63.6,63.26,63.41,198,2024-01-18 13:45:00
63.44,63.75,63.4,63.4,285,2024-01-18 14:00:00
63.4,63.4,62.93,63.02,525,2024-01-18 14:15:00
63.04,63.28,62.76,63.12,402,2024-01-18 14:30:00
63.12,63.21,62.87,63.06,478,2024-01-18 14:45:00
63.06,63.17,62.77,63.12,401,2024-01-18 15:00:00
63.15,63.5,63.05,63.41,368,2024-01-18 15:15:00
63.44,63.57,62.77,63.04,529,2024-01-18 15:30:00
63.07,63.14,62.75,62.76,500,2024-01-18 15:45:00
62.78,63.18,62.78,62.99,470,2024-01-18 16:00:00
62.98,63.16,62.91,63.04,185,2024-01-18 16:15:00
63.03,63.06,62.52,62.75,425,2024-01-18 16:30:00
62.8,62.93,62.75,62.93,290,2024-01-18 16:45:00
62.92,63.19,62.85,63.15,437,2024-01-18 17:00:00
63.19,63.19,62.96,63.07,718,2024-01-18 17:15:00
63.07,63.43,63.02,63.4,486,2024-01-18 17:30:00
63.44,63.5,63.3,63.33,335,2024-01-18 17:45:00
63.33,63.37,63.2,63.28,343,2024-01-18 18:00:00
63.37,63.77,63.37,63.77,283,2024-01-19 08:15:00
63.78,63.88,63.47,63.52,167,2024-01-19 08:30:00
63.46,63.52,63.34,63.41,165,2024-01-19 08:45:00
63.43,63.69,63.43,63.49,113,2024-01-19 09:00:00
63.48,63.48,63.2,63.4,391,2024-01-19 09:15:00
63.45,63.48,63.25,63.32,214,2024-01-19 09:30:00
63.3,63.4,63,63.15,436,2024-01-19 09:45:00
63.13,63.24,63,63.03,453,2024-01-19 10:00:00
63.03,63.4,62.93,63.36,631,2024-01-19 10:15:00
63.3,63.31,63.14,63.23,370,2024-01-19 10:30:00
63.23,63.33,63.1,63.12,325,2024-01-19 10:45:00
63.11,63.33,63,63.29,201,2024-01-19 11:00:00
63.27,64.35,63.27,63.98,1578,2024-01-19 11:15:00
63.98,64.03,63.52,63.52,431,2024-01-19 11:30:00
63.51,63.63,63.35,63.53,388,2024-01-19 11:45:00
63.55,63.8,63.51,63.57,381,2024-01-19 12:00:00
63.58,63.8,63.55,63.7,332,2024-01-19 12:15:00
63.65,63.8,63.62,63.79,165,2024-01-19 12:30:00
63.8,63.85,63.63,63.72,296,2024-01-19 12:45:00
63.72,63.74,63.58,63.69,312,2024-01-19 13:00:00
63.69,63.91,63.58,63.68,427,2024-01-19 13:15:00
63.7,63.8,63.69,63.75,174,2024-01-19 13:30:00
63.73,63.75,63.52,63.58,355,2024-01-19 13:45:00
63.58,63.64,63.53,63.56,243,2024-01-19 14:00:00
63.57,63.69,63.42,63.49,443,2024-01-19 14:15:00
63.49,63.72,63.48,63.59,395,2024-01-19 14:30:00
63.58,63.73,63.55,63.62,256,2024-01-19 14:45:00
63.62,63.72,63.53,63.58,200,2024-01-19 15:00:00
63.58,63.64,63.51,63.63,221,2024-01-19 15:15:00
63.65,63.93,63.6,63.67,512,2024-01-19 15:30:00
63.68,63.79,63.6,63.62,210,2024-01-19 15:45:00
63.6,63.88,63.6,63.82,279,2024-01-19 16:00:00
63.84,63.86,63.58,63.7,330,2024-01-19 16:15:00
63.7,63.84,63.69,63.7,270,2024-01-19 16:30:00
63.69,63.72,63.55,63.58,401,2024-01-19 16:45:00
63.58,63.75,63.52,63.61,391,2024-01-19 17:00:00
63.6,63.79,63.58,63.63,474,2024-01-19 17:15:00
63.61,63.72,63.35,63.44,428,2024-01-19 17:30:00
63.45,63.66,63.43,63.61,254,2024-01-19 17:45:00
63.64,63.7,63.42,63.42,245,2024-01-19 18:00:00
63.15,63.15,61.85,61.94,933,2024-01-22 08:15:00
61.94,62.07,61.59,61.82,749,2024-01-22 08:30:00
61.8,61.98,61.4,61.79,877,2024-01-22 08:45:00
61.79,62.15,61.74,62.01,386,2024-01-22 09:00:00
62.01,62.4,61.96,62.07,741,2024-01-22 09:15:00
62.05,62.41,61.97,62.31,384,2024-01-22 09:30:00
62.32,62.37,62.01,62.19,410,2024-01-22 09:45:00
62.2,62.28,62.03,62.03,373,2024-01-22 10:00:00
62.03,62.27,62.01,62.09,578,2024-01-22 10:15:00
62.11,62.11,61.96,61.99,380,2024-01-22 10:30:00
61.98,61.99,61.79,61.92,547,2024-01-22 10:45:00
61.94,62.11,61.86,62.1,466,2024-01-22 11:00:00
62.04,62.04,61.55,61.57,761,2024-01-22 11:15:00
61.57,61.64,61.42,61.53,617,2024-01-22 11:30:00
61.52,61.61,61.42,61.57,322,2024-01-22 11:45:00
61.57,61.86,61.56,61.76,335,2024-01-22 12:00:00
61.77,61.85,61.6,61.63,195,2024-01-22 12:15:00
61.63,61.81,61.6,61.72,127,2024-01-22 12:30:00
61.73,61.77,61.63,61.64,142,2024-01-22 12:45:00
61.66,61.77,61.57,61.64,197,2024-01-22 13:00:00
61.65,61.76,61.58,61.66,329,2024-01-22 13:15:00
61.67,61.84,61.66,61.7,243,2024-01-22 13:30:00
61.7,61.74,61.45,61.49,407,2024-01-22 13:45:00
61.49,61.5,61.2,61.22,722,2024-01-22 14:00:00
61.25,61.44,61.2,61.36,472,2024-01-22 14:15:00
61.37,61.5,61.22,61.3,492,2024-01-22 14:30:00
61.29,61.3,61.02,61.16,680,2024-01-22 14:45:00
61.12,61.12,60.86,61.04,930,2024-01-22 15:00:00
61.05,61.11,61.02,61.08,617,2024-01-22 15:15:00
61.07,61.22,61.05,61.14,520,2024-01-22 15:30:00
61.14,61.35,61.05,61.24,396,2024-01-22 15:45:00
61.24,61.59,61.16,61.3,503,2024-01-22 16:00:00
61.3,61.55,61.29,61.51,263,2024-01-22 16:15:00
61.5,61.5,61.36,61.47,307,2024-01-22 16:30:00
61.5,61.77,61.42,61.73,522,2024-01-22 16:45:00
61.72,61.9,61.71,61.78,447,2024-01-22 17:00:00
61.79,62.21,61.73,62.02,1087,2024-01-22 17:15:00
62.02,62.82,62.01,62.63,878,2024-01-22 17:30:00
62.7,62.75,62.27,62.35,496,2024-01-22 17:45:00
62.36,62.42,62.21,62.41,267,2024-01-22 18:00:00
62.11,62.65,61.92,62.54,433,2024-01-23 08:15:00
62.54,62.71,62.06,62.15,382,2024-01-23 08:30:00
62.1,62.25,61.83,61.91,329,2024-01-23 08:45:00
61.92,62.27,61.87,62.19,215,2024-01-23 09:00:00
62.21,62.57,62.2,62.25,358,2024-01-23 09:15:00
62.26,62.43,62.13,62.3,285,2024-01-23 09:30:00
62.33,62.35,61.98,62.34,498,2024-01-23 09:45:00
62.33,63.8,62.3,63.57,2233,2024-01-23 10:00:00
63.62,63.73,62.94,62.94,926,2024-01-23 10:15:00
62.96,63.04,62.67,62.8,736,2024-01-23 10:30:00
62.83,63.07,62.75,62.75,464,2024-01-23 10:45:00
62.75,62.95,62.75,62.9,680,2024-01-23 11:00:00
62.9,63.26,62.61,62.83,514,2024-01-23 11:15:00
62.83,62.95,62.65,62.75,398,2024-01-23 11:30:00
62.75,62.83,62.54,62.74,366,2024-01-23 11:45:00
62.67,62.73,62.52,62.59,200,2024-01-23 12:00:00
62.61,62.86,62.57,62.58,184,2024-01-23 12:15:00
62.58,62.59,62.15,62.27,413,2024-01-23 12:30:00
62.25,62.43,62.17,62.35,193,2024-01-23 12:45:00
62.34,62.43,62.18,62.18,162,2024-01-23 13:00:00
62.15,62.22,62.03,62.15,341,2024-01-23 13:15:00
62.17,62.17,62.03,62.12,222,2024-01-23 13:30:00
62.13,62.36,62.06,62.22,205,2024-01-23 13:45:00
62.23,62.24,61.73,61.86,579,2024-01-23 14:00:00
61.86,62,61.6,61.89,674,2024-01-23 14:15:00
61.88,62.15,61.77,62.13,294,2024-01-23 14:30:00
62.15,62.47,62,62.05,294,2024-01-23 14:45:00
61.99,62.76,61.88,62.59,408,2024-01-23 15:00:00
62.56,62.66,62.13,62.16,579,2024-01-23 15:15:00
62.15,62.65,62.15,62.62,310,2024-01-23 15:30:00
62.65,62.66,62.37,62.66,262,2024-01-23 15:45:00
62.66,63.4,62.65,63.4,946,2024-01-23 16:00:00
63.36,63.5,62.91,62.95,518,2024-01-23 16:15:00
62.93,63.38,62.91,63.2,258,2024-01-23 16:30:00
63.18,63.27,63.07,63.07,281,2024-01-23 16:45:00
63.05,63.15,62.59,62.59,642,2024-01-23 17:00:00
62.61,63.34,62.61,63.33,859,2024-01-23 17:15:00
63.32,63.45,62.92,62.98,606,2024-01-23 17:30:00
63,63.23,62.95,63.1,370,2024-01-23 17:45:00
63.1,63.29,63.05,63.27,439,2024-01-23 18:00:00
63.36,63.85,63.36,63.45,344,2024-01-24 08:15:00
63.44,63.8,63.35,63.61,121,2024-01-24 08:30:00
63.61,63.61,63.11,63.45,227,2024-01-24 08:45:00
63.47,64.8,63.47,64.74,1128,2024-01-24 09:00:00
64.69,64.75,64.25,64.35,1157,2024-01-24 09:15:00
64.39,64.69,64.28,64.66,493,2024-01-24 09:30:00
64.63,64.65,64.27,64.43,366,2024-01-24 09:45:00
64.43,65,64.4,64.98,645,2024-01-24 10:00:00
65,65.36,64.75,64.95,1270,2024-01-24 10:15:00
64.91,64.94,64.57,64.65,434,2024-01-24 10:30:00
64.7,65.11,64.7,65.05,454,2024-01-24 10:45:00
65.06,65.09,64.4,64.71,652,2024-01-24 11:00:00
64.78,64.97,64.4,64.74,864,2024-01-24 11:15:00
64.77,64.88,64.66,64.82,143,2024-01-24 11:30:00
64.83,64.89,64.4,64.72,508,2024-01-24 11:45:00
64.74,64.9,64.73,64.84,166,2024-01-24 12:00:00
64.85,64.87,64.59,64.74,419,2024-01-24 12:15:00
64.76,64.79,64.59,64.67,267,2024-01-24 12:30:00
64.67,64.68,64.03,64.22,782,2024-01-24 12:45:00
64.25,64.5,64.25,64.4,278,2024-01-24 13:00:00
64.39,64.39,64,64.07,396,2024-01-24 13:15:00
64.09,64.28,64,64.28,238,2024-01-24 13:30:00
64.35,64.57,64.15,64.44,321,2024-01-24 13:45:00
64.45,64.8,64.38,64.54,404,2024-01-24 14:00:00
64.58,64.73,64.48,64.63,299,2024-01-24 14:15:00
64.67,64.95,64.41,64.95,627,2024-01-24 14:30:00
64.97,65.48,64.88,65.13,1105,2024-01-24 14:45:00
65.14,65.42,65.07,65.1,688,2024-01-24 15:00:00
65.12,65.14,64.69,64.7,786,2024-01-24 15:15:00
64.71,65.09,64.4,65.01,733,2024-01-24 15:30:00
64.97,65.45,64.73,65.22,648,2024-01-24 15:45:00
65.21,65.3,64.73,64.8,800,2024-01-24 16:00:00
64.77,64.85,64.55,64.79,734,2024-01-24 16:15:00
64.8,64.94,64.61,64.65,327,2024-01-24 16:30:00
64.71,65.35,64.71,65.32,423,2024-01-24 16:45:00
65.28,65.42,65.1,65.3,436,2024-01-24 17:00:00
65.35,65.98,65.35,65.76,2274,2024-01-24 17:15:00
65.79,66.11,65.64,65.7,943,2024-01-24 17:30:00
65.65,65.75,65.55,65.65,579,2024-01-24 17:45:00
65.61,65.83,65.55,65.8,306,2024-01-24 18:00:00
66.15,66.43,65.25,65.27,619,2024-01-25 08:15:00
65.29,65.49,64.9,65.49,527,2024-01-25 08:30:00
65.5,66,65.4,65.69,579,2024-01-25 08:45:00
65.7,66,65.57,65.82,323,2024-01-25 09:00:00
65.82,65.91,65.26,65.34,457,2024-01-25 09:15:00
65.34,65.69,65.25,65.25,379,2024-01-25 09:30:00
65.22,65.33,64.9,65.07,370,2024-01-25 09:45:00
65.07,65.2,64.8,64.98,754,2024-01-25 10:00:00
64.94,65.09,64.75,64.94,473,2024-01-25 10:15:00
64.94,65.08,64.75,65.03,639,2024-01-25 10:30:00
65.04,65.05,64.5,64.5,1045,2024-01-25 10:45:00
64.5,64.59,64.11,64.37,1064,2024-01-25 11:00:00
64.37,64.6,64.3,64.43,941,2024-01-25 11:15:00
64.4,64.75,64.37,64.59,554,2024-01-25 11:30:00
64.61,64.67,64.37,64.47,230,2024-01-25 11:45:00
64.47,64.51,64.37,64.39,377,2024-01-25 12:00:00
64.39,64.67,64.38,64.55,406,2024-01-25 12:15:00
64.58,64.6,64.22,64.3,729,2024-01-25 12:30:00
64.33,64.35,63.55,63.8,1252,2024-01-25 12:45:00
63.83,63.92,63.17,63.4,1138,2024-01-25 13:00:00
63.38,63.77,63.12,63.75,902,2024-01-25 13:15:00
63.67,63.68,63.47,63.57,363,2024-01-25 13:30:00
63.6,63.6,63.4,63.42,375,2024-01-25 13:45:00
63.45,63.54,63.12,63.2,537,2024-01-25 14:00:00
63.19,63.39,62.88,63.28,1089,2024-01-25 14:15:00
63.26,63.5,63.07,63.12,589,2024-01-25 14:30:00
63.13,63.5,63.12,63.47,327,2024-01-25 14:45:00
63.48,63.61,63.25,63.33,507,2024-01-25 15:00:00
63.37,63.42,63.2,63.21,330,2024-01-25 15:15:00
63.21,63.3,63.03,63.11,403,2024-01-25 15:30:00
63.14,63.54,63.03,63.5,492,2024-01-25 15:45:00
63.52,63.67,63.37,63.48,752,2024-01-25 16:00:00
63.46,63.75,63.31,63.72,362,2024-01-25 16:15:00
63.72,64,63.61,63.99,602,2024-01-25 16:30:00
63.96,64.09,63.48,63.63,412,2024-01-25 16:45:00
63.63,63.7,63.51,63.64,268,2024-01-25 17:00:00
63.65,63.65,62.96,63,1318,2024-01-25 17:15:00
63,63.23,62.96,63.17,494,2024-01-25 17:30:00
63.17,63.46,63.15,63.36,404,2024-01-25 17:45:00
63.36,63.45,63.23,63.41,304,2024-01-25 18:00:00
63.15,63.28,62.5,62.71,471,2024-01-26 08:15:00
62.73,62.82,62,62.62,699,2024-01-26 08:30:00
62.62,62.94,62.5,62.79,362,2024-01-26 08:45:00
62.79,62.94,62.53,62.53,329,2024-01-26 09:00:00
62.57,62.82,62.43,62.81,580,2024-01-26 09:15:00
62.8,62.89,62.65,62.83,261,2024-01-26 09:30:00
62.83,62.96,62.59,62.95,413,2024-01-26 09:45:00
62.91,63.06,62.78,62.94,371,2024-01-26 10:00:00
62.93,63.1,62.75,62.78,427,2024-01-26 10:15:00
62.81,63.19,62.7,63.17,387,2024-01-26 10:30:00
63.18,63.53,63.18,63.38,686,2024-01-26 10:45:00
63.4,63.48,63.2,63.32,398,2024-01-26 11:00:00
63.28,64.44,63.28,63.65,1783,2024-01-26 11:15:00
63.64,63.75,63.52,63.68,352,2024-01-26 11:30:00
63.68,63.89,63.53,63.81,287,2024-01-26 11:45:00
63.88,63.91,63.7,63.8,354,2024-01-26 12:00:00
63.76,63.76,63.54,63.6,234,2024-01-26 12:15:00
63.63,63.76,63.5,63.65,196,2024-01-26 12:30:00
63.67,63.7,63.18,63.32,629,2024-01-26 12:45:00
63.35,63.58,63.3,63.51,181,2024-01-26 13:00:00
63.52,63.69,63.43,63.59,181,2024-01-26 13:15:00
63.64,63.64,63.25,63.3,218,2024-01-26 13:30:00
63.28,63.37,63.1,63.34,284,2024-01-26 13:45:00
63.36,63.47,63.11,63.15,451,2024-01-26 14:00:00
63.16,63.47,63.1,63.23,392,2024-01-26 14:15:00
63.22,63.33,63.1,63.22,331,2024-01-26 14:30:00
63.22,63.3,63.1,63.28,445,2024-01-26 14:45:00
63.28,63.51,63.23,63.3,259,2024-01-26 15:00:00
63.33,63.38,63.05,63.23,333,2024-01-26 15:15:00
63.21,63.35,62.99,63.24,370,2024-01-26 15:30:00
63.23,63.4,63.21,63.36,537,2024-01-26 15:45:00
63.32,63.42,62.77,62.97,555,2024-01-26 16:00:00
63,63.18,62.92,63.15,239,2024-01-26 16:15:00
63.15,64.4,63.15,64.37,2152,2024-01-26 16:30:00
64.36,65.15,63.69,64.03,2370,2024-01-26 16:45:00
64.04,64.2,63.7,63.77,685,2024-01-26 17:00:00
63.78,63.9,63.4,63.5,891,2024-01-26 17:15:00
63.48,63.64,63.31,63.45,276,2024-01-26 17:30:00
63.39,63.5,63,63.08,425,2024-01-26 17:45:00
63.08,63.31,63.01,63.1,203,2024-01-26 18:00:00
63.6,63.9,63.4,63.72,714,2024-01-29 08:15:00
63.7,63.7,63.26,63.41,269,2024-01-29 08:30:00
63.41,63.81,63.37,63.81,297,2024-01-29 08:45:00
63.82,63.83,63.11,63.16,390,2024-01-29 09:00:00
63.15,63.66,63.15,63.48,463,2024-01-29 09:15:00
63.46,63.59,63.4,63.49,204,2024-01-29 09:30:00
63.45,63.59,63.4,63.45,201,2024-01-29 09:45:00
63.46,63.68,63.33,63.66,344,2024-01-29 10:00:00
63.64,64.13,63.55,64.06,624,2024-01-29 10:15:00
64.03,64.03,63.52,63.55,440,2024-01-29 10:30:00
63.57,63.69,63.26,63.35,521,2024-01-29 10:45:00
63.34,63.46,63.15,63.39,912,2024-01-29 11:00:00
63.37,63.43,62.75,63.08,1574,2024-01-29 11:15:00
63.07,63.26,63.07,63.21,481,2024-01-29 11:30:00
63.21,63.56,63.19,63.39,741,2024-01-29 11:45:00
63.4,63.47,63.37,63.42,601,2024-01-29 12:00:00
63.4,63.54,63.37,63.47,432,2024-01-29 12:15:00
63.46,63.58,63.45,63.47,128,2024-01-29 12:30:00
63.48,63.55,63.37,63.38,238,2024-01-29 12:45:00
63.4,63.42,63.21,63.27,493,2024-01-29 13:00:00
63.27,63.51,63.27,63.4,275,2024-01-29 13:15:00
63.39,63.55,63.36,63.49,231,2024-01-29 13:30:00
63.49,63.54,63.36,63.44,194,2024-01-29 13:45:00
63.43,63.45,63.03,63.15,493,2024-01-29 14:00:00
63.15,63.41,63.08,63.33,516,2024-01-29 14:15:00
63.34,63.44,63.2,63.4,296,2024-01-29 14:30:00
63.42,63.5,63.29,63.29,189,2024-01-29 14:45:00
63.29,63.63,63.29,63.61,454,2024-01-29 15:00:00
63.63,63.72,63.57,63.58,309,2024-01-29 15:15:00
63.59,63.7,63.39,63.4,298,2024-01-29 15:30:00
63.4,63.48,63.25,63.25,298,2024-01-29 15:45:00
63.25,63.25,63.04,63.14,575,2024-01-29 16:00:00
63.16,63.21,62.99,63.05,449,2024-01-29 16:15:00
63.05,63.14,62.16,62.31,1369,2024-01-29 16:30:00
62.35,62.55,62.13,62.13,842,2024-01-29 16:45:00
62.12,62.25,61.79,62.05,1215,2024-01-29 17:00:00
62.04,62.1,61.57,61.91,1510,2024-01-29 17:15:00
61.91,62.08,61.77,61.81,678,2024-01-29 17:30:00
61.83,61.96,61.69,61.72,478,2024-01-29 17:45:00
61.71,61.82,61.63,61.77,385,2024-01-29 18:00:00
61.71,61.89,61.47,61.62,462,2024-01-30 08:15:00
61.58,61.85,61.55,61.71,631,2024-01-30 08:30:00
61.78,61.92,61.67,61.82,162,2024-01-30 08:45:00
61.78,61.8,61.5,61.61,240,2024-01-30 09:00:00
61.62,61.89,61.5,61.55,681,2024-01-30 09:15:00
61.52,61.72,61.23,61.72,860,2024-01-30 09:30:00
61.69,62,61.66,61.78,597,2024-01-30 09:45:00
61.76,61.89,61.66,61.79,160,2024-01-30 10:00:00
61.77,61.9,61.74,61.76,350,2024-01-30 10:15:00
61.77,61.98,61.76,61.83,461,2024-01-30 10:30:00
61.82,62,61.65,61.96,511,2024-01-30 10:45:00
61.97,62.22,61.91,62.07,695,2024-01-30 11:00:00
62.06,62.06,61.6,61.86,912,2024-01-30 11:15:00
61.85,61.96,61.72,61.89,446,2024-01-30 11:30:00
61.88,61.93,61.66,61.67,308,2024-01-30 11:45:00
61.64,61.78,61.5,61.57,525,2024-01-30 12:00:00
61.57,61.7,61.42,61.5,343,2024-01-30 12:15:00
61.54,61.76,61.54,61.74,227,2024-01-30 12:30:00
61.76,62.1,61.75,62.03,452,2024-01-30 12:45:00
62.07,62.48,62.05,62.33,567,2024-01-30 13:00:00
62.33,62.33,62.05,62.28,305,2024-01-30 13:15:00
62.29,62.54,62.29,62.47,284,2024-01-30 13:30:00
62.46,62.48,62.3,62.47,295,2024-01-30 13:45:00
62.45,62.76,62.43,62.51,746,2024-01-30 14:00:00
62.5,62.59,62.34,62.55,468,2024-01-30 14:15:00
62.56,62.56,62.26,62.4,399,2024-01-30 14:30:00
62.41,62.5,62.23,62.29,366,2024-01-30 14:45:00
62.33,62.7,62.23,62.62,439,2024-01-30 15:00:00
62.62,62.85,62.58,62.71,443,2024-01-30 15:15:00
62.72,62.85,62.53,62.6,336,2024-01-30 15:30:00
62.6,62.69,62.45,62.55,312,2024-01-30 15:45:00
62.58,62.78,62.45,62.53,310,2024-01-30 16:00:00
62.55,62.8,62.52,62.76,504,2024-01-30 16:15:00
62.77,62.95,62.69,62.86,611,2024-01-30 16:30:00
62.87,63.13,62.85,63.01,710,2024-01-30 16:45:00
63.03,63.34,62.94,63.2,923,2024-01-30 17:00:00
63.21,63.67,63.2,63.65,1932,2024-01-30 17:15:00
63.63,63.88,63.6,63.82,1331,2024-01-30 17:30:00
63.81,63.92,63.57,63.73,401,2024-01-30 17:45:00
63.73,64.02,63.69,64.02,449,2024-01-30 18:00:00
63.98,64.08,63.56,63.78,329,2024-01-31 08:15:00
63.78,64.3,63.75,64.25,555,2024-01-31 08:30:00
64.25,64.25,63.96,64.04,265,2024-01-31 08:45:00
64.07,64.65,64.03,64.65,773,2024-01-31 09:00:00
64.65,65.15,64.51,64.94,1230,2024-01-31 09:15:00
64.93,64.98,64.5,64.56,536,2024-01-31 09:30:00
64.55,64.69,64.4,64.65,504,2024-01-31 09:45:00
64.61,64.67,64.21,64.25,515,2024-01-31 10:00:00
64.21,64.37,64.21,64.24,352,2024-01-31 10:15:00
64.23,64.4,64.11,64.3,576,2024-01-31 10:30:00
64.3,64.36,64.1,64.26,470,2024-01-31 10:45:00
64.29,64.4,64.1,64.38,642,2024-01-31 11:00:00
64.35,64.5,64.11,64.16,846,2024-01-31 11:15:00
64.14,64.19,63.75,63.82,792,2024-01-31 11:30:00
63.8,63.93,63.56,63.8,597,2024-01-31 11:45:00
63.79,63.96,63.66,63.89,284,2024-01-31 12:00:00
63.85,64.15,63.76,64.14,377,2024-01-31 12:15:00
64.12,64.2,63.97,64.05,244,2024-01-31 12:30:00
64.04,64.1,63.95,64.02,213,2024-01-31 12:45:00
64.02,64.2,63.7,63.75,396,2024-01-31 13:00:00
63.75,63.75,63.5,63.6,504,2024-01-31 13:15:00
63.59,63.7,63.5,63.6,287,2024-01-31 13:30:00
63.62,63.64,63.36,63.57,516,2024-01-31 13:45:00
63.59,63.59,63.13,63.32,487,2024-01-31 14:00:00
63.32,63.4,63.13,63.14,494,2024-01-31 14:15:00
63.13,63.42,62.94,63.36,748,2024-01-31 14:30:00
63.39,63.42,63.24,63.26,315,2024-01-31 14:45:00
63.29,63.53,63.26,63.53,311,2024-01-31 15:00:00
63.5,63.89,63.49,63.67,498,2024-01-31 15:15:00
63.68,63.9,63.58,63.65,378,2024-01-31 15:30:00
63.67,63.91,63.59,63.83,395,2024-01-31 15:45:00
63.84,64.15,63.75,64.12,422,2024-01-31 16:00:00
64.12,64.28,64,64.17,656,2024-01-31 16:15:00
64.16,64.5,64.05,64.25,635,2024-01-31 16:30:00
64.2,64.22,63.87,63.88,458,2024-01-31 16:45:00
63.87,63.9,63.69,63.83,284,2024-01-31 17:00:00
63.85,64.35,63.85,64.3,1206,2024-01-31 17:15:00
64.29,64.32,64.13,64.15,407,2024-01-31 17:30:00
64.16,64.44,64.15,64.32,414,2024-01-31 17:45:00
64.31,64.4,64.21,64.4,424,2024-01-31 18:00:00
64.16,64.4,63.8,64.1,415,2024-02-01 08:15:00
64.2,64.85,64.2,64.65,343,2024-02-01 08:30:00
64.69,64.88,64.53,64.56,351,2024-02-01 08:45:00
64.54,64.61,64.24,64.27,238,2024-02-01 09:00:00
64.31,64.57,64.27,64.55,271,2024-02-01 09:15:00
64.55,64.55,64,64.05,359,2024-02-01 09:30:00
64.06,64.07,63.8,63.93,602,2024-02-01 09:45:00
63.94,63.94,63.64,63.9,643,2024-02-01 10:00:00
63.9,63.97,63.61,63.9,460,2024-02-01 10:15:00
63.9,64,63.78,63.81,432,2024-02-01 10:30:00
63.81,63.85,63.72,63.82,341,2024-02-01 10:45:00
63.81,64.15,63.8,63.93,562,2024-02-01 11:00:00
64,64.07,63.17,63.69,1911,2024-02-01 11:15:00
63.69,63.91,63.52,63.53,611,2024-02-01 11:30:00
63.54,63.6,62.8,63.07,1110,2024-02-01 11:45:00
63.07,63.11,62.75,62.9,587,2024-02-01 12:00:00
62.87,62.89,62.38,62.73,965,2024-02-01 12:15:00
62.67,62.73,62.52,62.58,438,2024-02-01 12:30:00
62.57,62.7,62.53,62.56,351,2024-02-01 12:45:00
62.55,62.56,62.13,62.32,785,2024-02-01 13:00:00
62.31,62.6,62.31,62.6,489,2024-02-01 13:15:00
62.59,62.59,62.27,62.37,338,2024-02-01 13:30:00
62.37,62.71,62.34,62.64,513,2024-02-01 13:45:00
62.67,62.74,62.53,62.57,311,2024-02-01 14:00:00
62.55,62.55,62.25,62.45,419,2024-02-01 14:15:00
62.47,62.56,62.31,62.47,301,2024-02-01 14:30:00
62.47,62.66,62.4,62.65,352,2024-02-01 14:45:00
62.66,62.73,62.52,62.6,327,2024-02-01 15:00:00
62.64,62.65,62.46,62.56,409,2024-02-01 15:15:00
62.58,63.18,62.56,63.06,666,2024-02-01 15:30:00
63.04,63.23,62.92,62.94,672,2024-02-01 15:45:00
62.94,62.94,62.63,62.64,339,2024-02-01 16:00:00
62.67,62.99,62.57,62.97,383,2024-02-01 16:15:00
62.97,63.06,62.78,62.78,378,2024-02-01 16:30:00
62.79,62.79,62.51,62.74,364,2024-02-01 16:45:00
62.73,62.78,62.61,62.68,286,2024-02-01 17:00:00
62.66,62.66,62.08,62.29,1235,2024-02-01 17:15:00
62.26,62.35,62.1,62.3,507,2024-02-01 17:30:00
62.3,62.5,62.15,62.16,372,2024-02-01 17:45:00
62.23,62.37,62.15,62.32,395,2024-02-01 18:00:00
61.97,62.37,61.9,62.1,512,2024-02-02 08:15:00
62.1,62.71,62.07,62.44,297,2024-02-02 08:30:00
62.5,62.64,62.36,62.55,120,2024-02-02 08:45:00
62.58,62.81,62.51,62.68,259,2024-02-02 09:00:00
62.68,62.87,62.44,62.78,321,2024-02-02 09:15:00
62.77,62.88,62.63,62.7,252,2024-02-02 09:30:00
62.7,63,62.69,62.95,365,2024-02-02 09:45:00
62.93,63.15,62.86,63.08,697,2024-02-02 10:00:00
63.01,63.09,62.83,62.87,315,2024-02-02 10:15:00
62.86,63.44,62.75,63.2,559,2024-02-02 10:30:00
63.2,63.3,62.99,63.3,455,2024-02-02 10:45:00
63.26,63.39,63.19,63.19,389,2024-02-02 11:00:00
63.19,63.38,62.9,63.08,676,2024-02-02 11:15:00
63.02,63.19,62.75,63.16,443,2024-02-02 11:30:00
63.15,63.3,63.05,63.15,314,2024-02-02 11:45:00
63.14,63.3,63.14,63.25,273,2024-02-02 12:00:00
63.27,63.77,63.27,63.5,811,2024-02-02 12:15:00
63.49,63.64,63.4,63.57,164,2024-02-02 12:30:00
63.59,63.76,63.51,63.7,391,2024-02-02 12:45:00
63.7,63.86,63.64,63.67,412,2024-02-02 13:00:00
63.65,63.79,63.49,63.55,387,2024-02-02 13:15:00
63.56,63.75,63.44,63.75,388,2024-02-02 13:30:00
63.74,63.77,63.47,63.5,440,2024-02-02 13:45:00
63.47,63.62,63.21,63.5,582,2024-02-02 14:00:00
63.48,63.99,63.39,63.9,777,2024-02-02 14:15:00
63.92,64.12,63.67,63.79,600,2024-02-02 14:30:00
63.78,63.8,63.56,63.65,216,2024-02-02 14:45:00
63.64,63.68,63.4,63.54,272,2024-02-02 15:00:00
63.55,63.75,63.52,63.68,230,2024-02-02 15:15:00
63.72,63.9,63.61,63.85,234,2024-02-02 15:30:00
63.87,63.96,63.66,63.78,231,2024-02-02 15:45:00
63.76,63.93,63.71,63.9,387,2024-02-02 16:00:00
63.89,64.38,63.83,64,922,2024-02-02 16:15:00
64.04,64.1,63.8,64.03,263,2024-02-02 16:30:00
64.01,64.09,63.85,63.85,298,2024-02-02 16:45:00
63.85,63.88,63.43,63.45,441,2024-02-02 17:00:00
63.42,63.53,63.2,63.28,1003,2024-02-02 17:15:00
63.3,63.63,63.29,63.5,389,2024-02-02 17:30:00
63.49,63.59,63.27,63.4,317,2024-02-02 17:45:00
63.41,63.64,63.4,63.5,336,2024-02-02 18:00:00
63.8,64.45,63.75,64.05,524,2024-02-05 08:15:00
64.06,64.06,63.6,63.81,280,2024-02-05 08:30:00
63.8,63.89,63.65,63.66,222,2024-02-05 08:45:00
63.66,63.78,63.4,63.71,417,2024-02-05 09:00:00
63.69,64.2,63.68,63.8,442,2024-02-05 09:15:00
63.79,63.93,63.68,63.76,326,2024-02-05 09:30:00
63.73,63.93,63.46,63.62,401,2024-02-05 09:45:00
63.59,63.65,63.4,63.53,305,2024-02-05 10:00:00
63.55,63.57,63,63.2,1007,2024-02-05 10:15:00
63.19,63.27,63,63.1,519,2024-02-05 10:30:00
63.1,63.1,62.79,63.02,711,2024-02-05 10:45:00
63.02,63.09,62.77,62.9,647,2024-02-05 11:00:00
62.85,63.14,62.76,63.09,551,2024-02-05 11:15:00
63.07,63.13,62.9,63.01,466,2024-02-05 11:30:00
63.03,63.19,62.98,63.04,377,2024-02-05 11:45:00
63.04,63.06,62.52,62.57,682,2024-02-05 12:00:00
62.58,62.78,62.51,62.64,329,2024-02-05 12:15:00
62.66,62.77,62.51,62.53,283,2024-02-05 12:30:00
62.53,62.76,62.5,62.66,238,2024-02-05 12:45:00
62.66,62.76,62.6,62.61,357,2024-02-05 13:00:00
62.6,62.61,62.23,62.39,612,2024-02-05 13:15:00
62.4,62.58,62.32,62.42,272,2024-02-05 13:30:00
62.42,62.6,62.34,62.34,241,2024-02-05 13:45:00
62.33,62.44,62.27,62.37,325,2024-02-05 14:00:00
62.38,62.55,62.07,62.5,795,2024-02-05 14:15:00
62.45,63.05,62.45,62.99,688,2024-02-05 14:30:00
63,63.01,62.72,62.89,206,2024-02-05 14:45:00
62.86,63.17,62.86,63.1,310,2024-02-05 15:00:00
63.14,63.21,62.81,62.91,324,2024-02-05 15:15:00
62.91,63.1,62.82,62.85,237,2024-02-05 15:30:00
62.82,63.02,62.65,62.98,370,2024-02-05 15:45:00
62.98,63.01,62.52,62.53,439,2024-02-05 16:00:00
62.52,62.71,62.5,62.55,434,2024-02-05 16:15:00
62.56,62.65,62.32,62.54,412,2024-02-05 16:30:00
62.54,62.54,62.15,62.21,506,2024-02-05 16:45:00
62.19,62.38,62.15,62.38,356,2024-02-05 17:00:00
62.37,62.91,62.28,62.88,1033,2024-02-05 17:15:00
62.88,62.88,62.4,62.46,492,2024-02-05 17:30:00
62.47,62.59,62.15,62.39,466,2024-02-05 17:45:00
62.41,62.66,62.35,62.59,162,2024-02-05 18:00:00
62.79,62.79,62.29,62.44,280,2024-02-06 08:15:00
62.51,62.69,62.26,62.26,256,2024-02-06 08:30:00
62.24,62.6,62.14,62.35,361,2024-02-06 08:45:00
62.35,62.59,62.35,62.45,324,2024-02-06 09:00:00
62.43,62.48,62,62.42,714,2024-02-06 09:15:00
62.44,62.48,62.01,62.27,654,2024-02-06 09:30:00
62.28,62.33,62.08,62.19,468,2024-02-06 09:45:00
62.13,62.6,62.1,62.53,286,2024-02-06 10:00:00
62.54,62.56,62.15,62.18,424,2024-02-06 10:15:00
62.16,62.31,62.12,62.21,293,2024-02-06 10:30:00
62.21,62.45,62.07,62.42,588,2024-02-06 10:45:00
62.42,62.5,62.19,62.45,755,2024-02-06 11:00:00
62.46,63.06,62.4,62.91,1068,2024-02-06 11:15:00
62.94,63.39,62.94,63.07,828,2024-02-06 11:30:00
63.1,63.23,63.04,63.09,274,2024-02-06 11:45:00
63.07,63.24,62.85,62.87,643,2024-02-06 12:00:00
62.82,63.22,62.8,63.15,331,2024-02-06 12:15:00
63.17,63.27,63.12,63.24,204,2024-02-06 12:30:00
63.25,63.25,63.03,63.08,208,2024-02-06 12:45:00
63.1,63.19,63.01,63.08,214,2024-02-06 13:00:00
63.06,63.18,63.01,63.01,172,2024-02-06 13:15:00
63.01,63.3,62.99,63.2,457,2024-02-06 13:30:00
63.23,63.33,63.13,63.22,276,2024-02-06 13:45:00
63.25,63.5,63.18,63.41,462,2024-02-06 14:00:00
63.4,63.71,63.36,63.45,815,2024-02-06 14:15:00
63.47,63.57,63.38,63.41,469,2024-02-06 14:30:00
63.41,63.6,63.38,63.42,414,2024-02-06 14:45:00
63.44,63.48,63.38,63.38,487,2024-02-06 15:00:00
63.39,63.42,63.19,63.42,439,2024-02-06 15:15:00
63.4,63.55,63.36,63.45,258,2024-02-06 15:30:00
63.49,63.49,63.33,63.33,52,2024-02-06 15:45:00
63.35,63.8,63.35,63.61,880,2024-02-06 16:00:00
63.6,63.97,63.58,63.67,606,2024-02-06 16:15:00
63.67,63.91,63.6,63.79,353,2024-02-06 16:30:00
63.75,63.91,63.72,63.89,242,2024-02-06 16:45:00
63.88,63.88,63.66,63.74,406,2024-02-06 17:00:00
63.74,63.83,63.48,63.66,925,2024-02-06 17:15:00
63.64,63.78,63.58,63.71,443,2024-02-06 17:30:00
63.67,63.73,63.54,63.65,186,2024-02-06 17:45:00
63.67,63.67,63.37,63.49,322,2024-02-06 18:00:00
63.35,63.5,63.19,63.28,278,2024-02-07 08:15:00
63.31,63.48,63.05,63.18,190,2024-02-07 08:30:00
63.21,63.23,62.75,62.76,625,2024-02-07 08:45:00
62.75,63.03,62.72,62.94,474,2024-02-07 09:00:00
62.93,63.16,62.85,63.08,393,2024-02-07 09:15:00
63.14,63.43,63.02,63.14,383,2024-02-07 09:30:00
63.16,63.25,62.81,62.85,520,2024-02-07 09:45:00
62.85,63.15,62.81,63.11,463,2024-02-07 10:00:00
63.12,63.19,62.97,63.1,422,2024-02-07 10:15:00
63.1,63.13,62.92,62.93,497,2024-02-07 10:30:00
62.93,63.07,62.88,62.94,284,2024-02-07 10:45:00
62.97,63.3,62.82,63.22,621,2024-02-07 11:00:00
63.24,63.25,63.03,63.21,297,2024-02-07 11:15:00
63.25,63.31,63.17,63.25,365,2024-02-07 11:30:00
63.27,63.3,63.06,63.18,250,2024-02-07 11:45:00
63.14,63.22,63.06,63.2,197,2024-02-07 12:00:00
63.17,63.28,63.04,63.27,265,2024-02-07 12:15:00
63.26,63.4,63.26,63.28,139,2024-02-07 12:30:00
63.29,63.31,63.15,63.25,264,2024-02-07 12:45:00
63.26,63.4,63.26,63.38,208,2024-02-07 13:00:00
63.37,63.7,63.35,63.58,802,2024-02-07 13:15:00
63.58,63.59,63.36,63.38,271,2024-02-07 13:30:00
63.37,63.46,63.27,63.42,297,2024-02-07 13:45:00
63.42,63.45,63.06,63.13,547,2024-02-07 14:00:00
63.14,63.16,62.81,62.81,933,2024-02-07 14:15:00
62.81,62.86,62.31,62.4,1313,2024-02-07 14:30:00
62.4,62.53,62.31,62.46,827,2024-02-07 14:45:00
62.45,62.76,62.42,62.67,609,2024-02-07 15:00:00
62.67,62.68,62.49,62.49,396,2024-02-07 15:15:00
62.49,62.59,62.41,62.52,375,2024-02-07 15:30:00
62.53,62.61,62.45,62.5,211,2024-02-07 15:45:00
62.48,62.61,62.39,62.41,423,2024-02-07 16:00:00
62.42,62.5,62.27,62.4,474,2024-02-07 16:15:00
62.42,62.65,62.4,62.51,227,2024-02-07 16:30:00
62.54,62.57,62.4,62.45,249,2024-02-07 16:45:00
62.47,62.55,62.36,62.37,409,2024-02-07 17:00:00
62.37,62.55,62.25,62.25,665,2024-02-07 17:15:00
62.26,62.52,62.24,62.49,704,2024-02-07 17:30:00
62.47,62.47,62.32,62.39,191,2024-02-07 17:45:00
62.37,62.4,62.26,62.32,284,2024-02-07 18:00:00
62.5,62.5,62.11,62.18,317,2024-02-08 08:15:00
62.16,62.25,61.85,61.96,774,2024-02-08 08:30:00
61.97,62.16,61.8,62.07,690,2024-02-08 08:45:00
62.1,62.15,61.84,61.88,412,2024-02-08 09:00:00
61.86,62.08,61.83,61.99,740,2024-02-08 09:15:00
61.96,62.14,61.87,61.91,457,2024-02-08 09:30:00
61.89,61.96,61.85,61.87,389,2024-02-08 09:45:00
61.86,61.88,61.56,61.62,1162,2024-02-08 10:00:00
61.62,61.83,61.56,61.74,597,2024-02-08 10:15:00
61.73,61.95,61.69,61.78,485,2024-02-08 10:30:00
61.78,61.81,61.66,61.77,217,2024-02-08 10:45:00
61.77,62.1,61.76,62.05,554,2024-02-08 11:00:00
62.05,62.11,61.9,62.06,546,2024-02-08 11:15:00
62.05,62.14,61.95,61.99,349,2024-02-08 11:30:00
61.97,61.98,61.63,61.74,579,2024-02-08 11:45:00
61.75,61.77,61.56,61.6,518,2024-02-08 12:00:00
61.61,61.72,60.97,61.01,2342,2024-02-08 12:15:00
61,61.22,60.97,61.12,604,2024-02-08 12:30:00
61.12,61.17,60.35,60.4,3183,2024-02-08 12:45:00
60.38,61,60.26,60.98,1756,2024-02-08 13:00:00
60.98,60.98,60.55,60.9,753,2024-02-08 13:15:00
60.91,61.21,60.88,60.99,534,2024-02-08 13:30:00
60.97,61.04,60.94,60.98,199,2024-02-08 13:45:00
61,61.21,60.82,61.08,305,2024-02-08 14:00:00
61.06,61.13,60.89,61.11,446,2024-02-08 14:15:00
61.12,61.2,60.75,60.76,420,2024-02-08 14:30:00
60.75,60.98,60.75,60.79,385,2024-02-08 14:45:00
60.79,60.9,60.7,60.85,492,2024-02-08 15:00:00
60.82,61.18,60.82,61.03,356,2024-02-08 15:15:00
61.02,61.08,60.9,60.95,237,2024-02-08 15:30:00
60.97,61.47,60.97,61.1,726,2024-02-08 15:45:00
61.08,61.2,60.74,60.8,607,2024-02-08 16:00:00
60.8,60.84,60.65,60.81,475,2024-02-08 16:15:00
60.81,60.88,60.63,60.63,402,2024-02-08 16:30:00
60.63,60.76,60.52,60.74,394,2024-02-08 16:45:00
60.74,60.82,60.56,60.8,436,2024-02-08 17:00:00
60.79,60.9,60.71,60.77,775,2024-02-08 17:15:00
60.77,60.87,60.72,60.72,297,2024-02-08 17:30:00
60.76,60.83,60.7,60.8,311,2024-02-08 17:45:00
60.8,60.84,60.68,60.71,224,2024-02-08 18:00:00
60.68,60.68,60.01,60.05,920,2024-02-09 08:15:00
60.02,60.5,60,60.5,545,2024-02-09 08:30:00
60.49,60.49,60.34,60.4,325,2024-02-09 08:45:00
60.4,60.48,60.31,60.39,269,2024-02-09 09:00:00
60.41,60.5,60.3,60.37,421,2024-02-09 09:15:00
60.36,60.4,59.66,59.8,1593,2024-02-09 09:30:00
59.8,60.05,59.8,59.88,917,2024-02-09 09:45:00
59.87,59.89,59.35,59.58,1647,2024-02-09 10:00:00
59.56,59.71,59.51,59.61,544,2024-02-09 10:15:00
59.61,59.75,59.6,59.62,353,2024-02-09 10:30:00
59.61,59.65,59.44,59.5,548,2024-02-09 10:45:00
59.5,59.73,59.48,59.62,345,2024-02-09 11:00:00
59.63,59.65,59.29,59.61,1049,2024-02-09 11:15:00
59.62,59.63,59.39,59.52,430,2024-02-09 11:30:00
59.48,59.56,59.41,59.41,81,2024-02-09 11:45:00
59.28,59.5,59.28,59.48,398,2024-02-09 12:00:00
59.48,59.61,59.41,59.55,690,2024-02-09 12:15:00
59.55,59.71,59.54,59.66,592,2024-02-09 12:30:00
59.67,59.79,59.64,59.67,368,2024-02-09 12:45:00
59.67,59.7,59.54,59.57,425,2024-02-09 13:00:00
59.55,59.55,59.29,59.36,375,2024-02-09 13:15:00
59.38,59.39,59.07,59.2,713,2024-02-09 13:30:00
59.21,59.32,59.14,59.23,267,2024-02-09 13:45:00
59.23,59.23,58.82,58.91,716,2024-02-09 14:00:00
58.91,58.96,58.81,58.87,924,2024-02-09 14:15:00
58.82,59.05,58.76,58.95,1014,2024-02-09 14:30:00
58.95,59.11,58.88,58.9,367,2024-02-09 14:45:00
58.91,58.96,58.29,58.3,1445,2024-02-09 15:00:00
58.3,58.55,58.3,58.55,1143,2024-02-09 15:15:00
58.53,58.7,58.5,58.6,514,2024-02-09 15:30:00
58.6,58.6,58.42,58.48,420,2024-02-09 15:45:00
58.52,58.55,58.2,58.54,552,2024-02-09 16:00:00
58.48,58.59,58.27,58.53,378,2024-02-09 16:15:00
58.5,58.52,58.34,58.43,223,2024-02-09 16:30:00
58.43,58.7,58.43,58.66,497,2024-02-09 16:45:00
58.66,58.75,58.5,58.56,417,2024-02-09 17:00:00
58.56,58.89,58.52,58.7,942,2024-02-09 17:15:00
58.7,58.82,58.66,58.69,484,2024-02-09 17:30:00
58.69,58.98,58.69,58.95,540,2024-02-09 17:45:00
58.94,58.97,58.7,58.8,347,2024-02-09 18:00:00
58.64,58.81,57.85,58.12,797,2024-02-12 08:15:00
58.08,58.24,57.87,58.18,641,2024-02-12 08:30:00
58.22,58.44,58.1,58.44,345,2024-02-12 08:45:00
58.46,58.5,58.33,58.4,154,2024-02-12 09:00:00
58.41,58.47,58.25,58.29,706,2024-02-12 09:15:00
58.3,58.69,58.26,58.51,429,2024-02-12 09:30:00
58.52,58.55,57.97,57.98,583,2024-02-12 09:45:00
57.95,58.17,57.95,58.15,279,2024-02-12 10:00:00
58.13,58.14,57.88,57.98,695,2024-02-12 10:15:00
57.98,58.08,57.95,58,371,2024-02-12 10:30:00
58,58.05,57.87,58.05,696,2024-02-12 10:45:00
58.06,58.25,58.06,58.06,697,2024-02-12 11:00:00
58.05,58.22,57.86,58.12,718,2024-02-12 11:15:00
58.15,58.19,57.95,58.08,272,2024-02-12 11:30:00
58.08,58.13,57.9,58.1,393,2024-02-12 11:45:00
58.08,58.25,58.04,58.19,297,2024-02-12 12:00:00
58.17,58.29,58.14,58.15,240,2024-02-12 12:15:00
58.14,58.29,58.14,58.15,144,2024-02-12 12:30:00
58.17,58.19,58.04,58.09,262,2024-02-12 12:45:00
58.1,58.12,57.9,57.94,228,2024-02-12 13:00:00
57.92,58.02,57.88,58,690,2024-02-12 13:15:00
58.01,58.02,57.54,57.61,722,2024-02-12 13:30:00
57.56,57.65,57.25,57.32,778,2024-02-12 13:45:00
57.35,57.56,57.25,57.41,631,2024-02-12 14:00:00
57.41,57.55,57.34,57.38,562,2024-02-12 14:15:00
57.36,57.83,57.35,57.6,657,2024-02-12 14:30:00
57.59,57.66,57.51,57.62,374,2024-02-12 14:45:00
57.61,57.7,57.5,57.69,424,2024-02-12 15:00:00
57.7,57.73,57.49,57.57,330,2024-02-12 15:15:00
57.59,57.64,57.12,57.27,936,2024-02-12 15:30:00
57.25,57.41,57.22,57.35,378,2024-02-12 15:45:00
57.3,57.35,57.02,57.09,854,2024-02-12 16:00:00
57.13,57.13,56.85,57.04,1235,2024-02-12 16:15:00
57.01,57.2,56.95,57.16,485,2024-02-12 16:30:00
57.17,57.27,57,57,641,2024-02-12 16:45:00
57,57,56.59,56.92,1499,2024-02-12 17:00:00
56.91,57.05,56.79,56.89,1031,2024-02-12 17:15:00
56.89,56.93,56.69,56.86,1080,2024-02-12 17:30:00
56.9,57.1,56.9,57.03,392,2024-02-12 17:45:00
57.04,57.25,57.01,57.2,425,2024-02-12 18:00:00
57.2,58,57.03,57.62,723,2024-02-13 08:15:00
57.61,57.8,57.53,57.53,404,2024-02-13 08:30:00
57.58,57.69,57.08,57.67,468,2024-02-13 08:45:00
57.65,57.7,57.33,57.45,225,2024-02-13 09:00:00
57.49,57.49,57.05,57.36,467,2024-02-13 09:15:00
57.37,57.69,57.35,57.36,425,2024-02-13 09:30:00
57.36,57.68,57.08,57.2,680,2024-02-13 09:45:00
57.22,57.37,57.12,57.12,358,2024-02-13 10:00:00
57.12,57.12,56.37,56.54,1190,2024-02-13 10:15:00
56.53,56.57,56.06,56.06,1381,2024-02-13 10:30:00
56.09,56.35,56.06,56.28,792,2024-02-13 10:45:00
56.28,56.35,56.04,56.06,1279,2024-02-13 11:00:00
56.07,56.86,56.03,56.73,1447,2024-02-13 11:15:00
56.72,56.79,56.6,56.71,607,2024-02-13 11:30:00
56.71,56.94,56.65,56.69,530,2024-02-13 11:45:00
56.66,56.68,56.44,56.56,277,2024-02-13 12:00:00
56.55,56.67,56.46,56.63,196,2024-02-13 12:15:00
56.65,56.8,56.63,56.7,200,2024-02-13 12:30:00
56.71,56.8,56.6,56.6,210,2024-02-13 12:45:00
